case_title,case_url,pdf_url
pdpc_case_1,https://www.pdpc.gov.sg/all-commissions-decisions/2019/11/breach-of-the-accountability-obligation-by-iclick-media,https://www.pdpc.gov.sg/-/media/files/pdpc/pdf-files/commissions-decisions/summary-decision---iclick-media.pdf
pdpc_case_2,https://www.pdpc.gov.sg/all-commissions-decisions/2019/11/breach-of-the-protection-and-accountability-obligations-by-eu-holidays,https://www.pdpc.gov.sg/-/media/files/pdpc/pdf-files/commissions-decisions/grounds-of-decision---eu-holidays-pte-ltd.pdf
pdpc_case_3,https://www.pdpc.gov.sg/all-commissions-decisions/2019/11/breach-of-the-protection-obligation-by-campvision,https://www.pdpc.gov.sg/-/media/files/pdpc/pdf-files/commissions-decisions/summary-decision---campvision.pdf
pdpc_case_4,https://www.pdpc.gov.sg/all-commissions-decisions/2019/11/breach-of-the-protection-obligation-by-marshall-cavendish-education,https://www.pdpc.gov.sg/-/media/files/pdpc/pdf-files/commissions-decisions/grounds-of-decision---marshall-cavendish-education-pte-ltd.pdf
pdpc_case_5,https://www.pdpc.gov.sg/all-commissions-decisions/2019/11/breach-of-the-protection-obligation-by-ninja-logistics,https://www.pdpc.gov.sg/-/media/files/pdpc/pdf-files/commissions-decisions/grounds-of-decision---ninja-logistics-pte-ltd.pdf
pdpc_case_6,https://www.pdpc.gov.sg/all-commissions-decisions/2019/11/breach-of-the-protection-obligation-by-searchasia-consulting,https://www.pdpc.gov.sg/-/media/files/pdpc/pdf-files/commissions-decisions/grounds-of-decision---searchasia-consulting-pte-ltd.pdf
pdpc_case_7,https://www.pdpc.gov.sg/all-commissions-decisions/2019/11/breach-of-the-protection-obligation-by-singtel,https://www.pdpc.gov.sg/-/media/files/pdpc/pdf-files/commissions-decisions/grounds-of-decision---singapore-telecommunications-limited.pdf
pdpc_case_8,https://www.pdpc.gov.sg/all-commissions-decisions/2019/11/breach-of-the-protection-obligation-by-tan-tock-seng-hospital,https://www.pdpc.gov.sg/-/media/files/pdpc/pdf-files/commissions-decisions/summary-decision---ttsh.pdf
pdpc_case_9,https://www.pdpc.gov.sg/all-commissions-decisions/2019/12/breach-of-the-accountability-obligation-by-saturday-club,https://www.pdpc.gov.sg/-/media/files/pdpc/pdf-files/commissions-decisions/summary-decision---saturday-club.pdf
pdpc_case_10,https://www.pdpc.gov.sg/all-commissions-decisions/2019/12/breach-of-the-protection-and-accountability-obligations-by-global-outsource-solutions,https://www.pdpc.gov.sg/-/media/files/pdpc/pdf-files/commissions-decisions/summary-decision---global-outsource.pdf
pdpc_case_11,https://www.pdpc.gov.sg/all-commissions-decisions/2019/12/breach-of-the-protection-and-accountability-obligations-by-the-travel-corporation-(2011),https://www.pdpc.gov.sg/-/media/files/pdpc/pdf-files/commissions-decisions/grounds-of-decision---the-travel-corporation-2011-pte-ltd.pdf
pdpc_case_12,https://www.pdpc.gov.sg/all-commissions-decisions/2019/12/breach-of-the-protection-obligation-by-chizzle,https://www.pdpc.gov.sg/-/media/files/pdpc/pdf-files/commissions-decisions/grounds-of-decision---chizzle-pte-ltd.pdf
pdpc_case_13,https://www.pdpc.gov.sg/all-commissions-decisions/2019/12/breach-of-the-protection-obligation-by-honestbee,https://www.pdpc.gov.sg/-/media/files/pdpc/pdf-files/commissions-decisions/summary-decision---honestbee.pdf
pdpc_case_14,https://www.pdpc.gov.sg/all-commissions-decisions/2019/12/breach-of-the-protection-obligation-by-i-vic-international,https://www.pdpc.gov.sg/-/media/files/pdpc/pdf-files/commissions-decisions/grounds-of-decision---i-vic-international.pdf
pdpc_case_15,https://www.pdpc.gov.sg/all-commissions-decisions/2019/12/breach-of-the-protection-obligation-by-learnaholic,https://www.pdpc.gov.sg/-/media/files/pdpc/pdf-files/commissions-decisions/grounds-of-decision---learnaholic.pdf
pdpc_case_16,https://www.pdpc.gov.sg/all-commissions-decisions/2020/01/breach-of-the-protection-and-accountability-obligations-by-society-of-tourist-guides,https://www.pdpc.gov.sg/-/media/files/pdpc/pdf-files/commissions-decisions/decision--society-of-tourist-guides-singapore-261219.pdf
pdpc_case_17,https://www.pdpc.gov.sg/all-commissions-decisions/2020/01/breach-of-the-protection-and-retention-obligations-by-globalsignin-pte-ltd,https://www.pdpc.gov.sg/-/media/files/pdpc/pdf-files/commissions-decisions/decision--msig-insurance-singapore-pte-ltd--191119.pdf
pdpc_case_18,https://www.pdpc.gov.sg/all-commissions-decisions/2020/01/breach-of-the-protection-obligation-by-creative,https://www.pdpc.gov.sg/-/media/files/pdpc/pdf-files/commissions-decisions/decision---creative-technology-ltd--020120.pdf
pdpc_case_19,https://www.pdpc.gov.sg/all-commissions-decisions/2020/01/breach-of-the-protection-obligation-by-l-oreal-singapore,https://www.pdpc.gov.sg/-/media/files/pdpc/pdf-files/commissions-decisions/summary-decision---loreal-singapore-pte-ltd---261219.pdf
pdpc_case_20,https://www.pdpc.gov.sg/all-commissions-decisions/2020/01/breach-of-the-protection-obligation-by-national-healthcare-group,https://www.pdpc.gov.sg/-/media/files/pdpc/pdf-files/commissions-decisions/decision---national-healthcare-group-pte-ltd---261219.pdf
pdpc_case_21,https://www.pdpc.gov.sg/all-commissions-decisions/2020/01/breach-of-the-protection-obligation-by-peoplesearch,https://www.pdpc.gov.sg/-/media/files/pdpc/pdf-files/commissions-decisions/decision---peoplesearch-pte-ltd---261219.pdf
pdpc_case_22,https://www.pdpc.gov.sg/all-commissions-decisions/2020/01/breach-of-the-protection-obligation-by-safra-national-service-association,https://www.pdpc.gov.sg/-/media/files/pdpc/pdf-files/commissions-decisions/decision---safra---161219.pdf
pdpc_case_23,https://www.pdpc.gov.sg/all-commissions-decisions/2020/02/breach-of-the-protection-and-accountability-obligations-by-henry-park-primary-school-parents-association,https://www.pdpc.gov.sg/-/media/files/pdpc/pdf-files/commissions-decisions/decision---hppa.pdf
pdpc_case_24,https://www.pdpc.gov.sg/all-commissions-decisions/2020/02/breach-of-the-protection-obligation-by-axa-insurance,https://www.pdpc.gov.sg/-/media/files/pdpc/pdf-files/commissions-decisions/decision---axa-sg.pdf
pdpc_case_25,https://www.pdpc.gov.sg/all-commissions-decisions/2020/02/breach-of-the-protection-obligation-by-ntuc-income,https://www.pdpc.gov.sg/-/media/files/pdpc/pdf-files/commissions-decisions/decision---ntuc-income-insurance-co-operative-limited--24012020.pdf
pdpc_case_26,https://www.pdpc.gov.sg/all-commissions-decisions/2020/02/breach-of-the-protection-obligation-by-royal-caribbean-cruises-(asia),https://www.pdpc.gov.sg/-/media/files/pdpc/pdf-files/commissions-decisions/decision---royal-caribbean-04022020.pdf
pdpc_case_27,https://www.pdpc.gov.sg/all-commissions-decisions/2020/02/breach-of-the-protection-obligation-by-scal-academy,https://www.pdpc.gov.sg/-/media/files/pdpc/pdf-files/commissions-decisions/decision---scal-academy---080120.pdf
pdpc_case_28,https://www.pdpc.gov.sg/all-commissions-decisions/2020/02/breach-of-the-protection-obligation-by-singtel,https://www.pdpc.gov.sg/-/media/files/pdpc/pdf-files/commissions-decisions/decision---singapore-telecommunications-limited-311219.pdf
pdpc_case_29,https://www.pdpc.gov.sg/all-commissions-decisions/2020/02/breach-of-the-protection-obligation-by-sph-magazines,https://www.pdpc.gov.sg/-/media/files/pdpc/pdf-files/commissions-decisions/decision---sph-magazines-pte-ltd.pdf
pdpc_case_30,https://www.pdpc.gov.sg/all-commissions-decisions/2020/03/breach-of-the-protection-and-accountability-obligations-by-mcst-3593-and-breach-of-the-protection-obligation-by-new-e-security,https://www.pdpc.gov.sg/-/media/files/pdpc/pdf-files/commissions-decisions/decision---mcst-3593-and-others---02032020.pdf
pdpc_case_31,https://www.pdpc.gov.sg/all-commissions-decisions/2020/03/breach-of-the-protection-and-accountability-obligations-by-mcst-4375-and-breach-of-the-protection-obligation-by-a-best-security-management,https://www.pdpc.gov.sg/-/media/files/pdpc/pdf-files/commissions-decisions/mcst-4375-and-others---decision---03022020.pdf
pdpc_case_32,https://www.pdpc.gov.sg/all-commissions-decisions/2020/03/breach-of-the-protection-obligation-by-ssa-group-international,https://www.pdpc.gov.sg/-/media/files/pdpc/pdf-files/commissions-decisions/ssa-group-international-pte-ltd---summary-of-decision---02032020.pdf
pdpc_case_33,https://www.pdpc.gov.sg/all-commissions-decisions/2020/08/breach-of-the-protection-obligation-by--jean-yip-salon,https://www.pdpc.gov.sg/-/media/files/pdpc/pdf-files/commissions-decisions/decision---jean-yip-salon-pte-ltd--13032020.pdf
pdpc_case_34,https://www.pdpc.gov.sg/all-commissions-decisions/2020/08/breach-of-the-protection-obligation-by-actstitude,https://www.pdpc.gov.sg/-/media/files/pdpc/pdf-files/commissions-decisions/decision---actstitude-pte-ltd---20032020.pdf
pdpc_case_35,https://www.pdpc.gov.sg/all-commissions-decisions/2020/08/breach-of-the-protection-obligation-by-cdp,https://www.pdpc.gov.sg/-/media/files/pdpc/pdf-files/commissions-decisions/decision---the-central-depository-(pte)-limited-30032020.pdf
pdpc_case_36,https://www.pdpc.gov.sg/all-commissions-decisions/2020/08/breach-of-the-protection-obligation-by-fwd-singapore,https://www.pdpc.gov.sg/-/media/files/pdpc/pdf-files/commissions-decisions/fwd-singapore-pte-ltd---summary-of-decision---13032020.pdf
pdpc_case_37,https://www.pdpc.gov.sg/all-commissions-decisions/2020/08/breach-of-the-protection-obligation-by-mcst-3400,https://www.pdpc.gov.sg/-/media/files/pdpc/pdf-files/commissions-decisions/decision---mcst-3400-17032020.pdf
pdpc_case_38,https://www.pdpc.gov.sg/all-commissions-decisions/2020/08/breach-of-the-protection-obligation-by-mdis-corporation,https://www.pdpc.gov.sg/-/media/files/pdpc/pdf-files/commissions-decisions/decision---mdis-corporation-pte-ltd---17032020.pdf
pdpc_case_39,https://www.pdpc.gov.sg/all-commissions-decisions/2020/08/breach-of-the-protection-obligation-by-singapore-accountancy-commission,https://www.pdpc.gov.sg/-/media/files/pdpc/pdf-files/commissions-decisions/decision---singapore-accountancy-commission---22062020.pdf
pdpc_case_40,https://www.pdpc.gov.sg/all-commissions-decisions/2020/08/breach-of-the-protection-obligation-by-zero1-and-ip-tribe,https://www.pdpc.gov.sg/-/media/files/pdpc/pdf-files/commissions-decisions/decision---zero1-and-ip-tribe---07042020.pdf
pdpc_case_41,https://www.pdpc.gov.sg/all-commissions-decisions/2020/09/breach-of-the-protection-and-retention-limitation-obligations-by-singapore-red-cross,https://www.pdpc.gov.sg/-/media/files/pdpc/pdf-files/commissions-decisions/decision---singapore-red-cross---05052020.pdf
pdpc_case_42,https://www.pdpc.gov.sg/all-commissions-decisions/2020/09/breach-of-the-protection-obligation-by-civil-service-club,https://www.pdpc.gov.sg/-/media/files/pdpc/pdf-files/commissions-decisions/decision---civil-service-club-01042020.pdf
pdpc_case_43,https://www.pdpc.gov.sg/all-commissions-decisions/2020/09/breach-of-the-protection-obligation-by-grabcar,https://www.pdpc.gov.sg/-/media/files/pdpc/pdf-files/commissions-decisions/decision---grabcar-pte-ltd---24072020.pdf
pdpc_case_44,https://www.pdpc.gov.sg/all-commissions-decisions/2020/09/breach-of-the-protection-obligation-by-singapore-medical-association,https://www.pdpc.gov.sg/-/media/files/pdpc/pdf-files/commissions-decisions/decision---singapore-medical-association---21072020.pdf
pdpc_case_45,https://www.pdpc.gov.sg/all-commissions-decisions/2020/09/no-breach-of-the-protection-obligation-by-singtel,https://www.pdpc.gov.sg/-/media/files/pdpc/pdf-files/commissions-decisions/decision---singapore-telecommunications-limited---05082020.pdf
pdpc_case_46,https://www.pdpc.gov.sg/all-commissions-decisions/2020/10/breach-of-the-protection-obligation-by-chan-brothers-travel,https://www.pdpc.gov.sg/-/media/files/pdpc/pdf-files/commissions-decisions/decision---chan-brothers-travel-pte-ltd---21072020.pdf
pdpc_case_47,https://www.pdpc.gov.sg/all-commissions-decisions/2020/10/breach-of-the-protection-obligation-by-courts,https://www.pdpc.gov.sg/-/media/files/pdpc/pdf-files/commissions-decisions/decision---courts-singapore---140820.pdf
pdpc_case_48,https://www.pdpc.gov.sg/all-commissions-decisions/2020/10/breach-of-the-protection-obligation-by-horizon-fast-ferry,https://www.pdpc.gov.sg/-/media/files/pdpc/pdf-files/commissions-decisions/decision----horizon-fast-ferry-pte-ltd---27082020.pdf
pdpc_case_49,https://www.pdpc.gov.sg/all-commissions-decisions/2020/10/breach-of-the-protection-obligation-by-mri-diagnostics-and-breach-of-the-accountability-obligation-by-clarity-radiology,https://www.pdpc.gov.sg/-/media/files/pdpc/pdf-files/commissions-decisions/decision---mri-diagnostics-pte-ltd-and-other---22072020.pdf
pdpc_case_50,https://www.pdpc.gov.sg/all-commissions-decisions/2020/10/breach-of-the-protection-obligation-by-security-masters,https://www.pdpc.gov.sg/-/media/files/pdpc/pdf-files/commissions-decisions/decision---security-masters-pte-ltd---21072020.pdf
pdpc_case_51,https://www.pdpc.gov.sg/all-commissions-decisions/2020/10/breach-of-the-protection-obligation-by-tanah-merah-country-club,https://www.pdpc.gov.sg/-/media/files/pdpc/pdf-files/commissions-decisions/decision---tanah-merah-country-club---21072020.pdf
pdpc_case_52,https://www.pdpc.gov.sg/all-commissions-decisions/2020/10/breach-of-the-protection-obligation-by-vimalakirti-buddhist-centre,https://www.pdpc.gov.sg/-/media/files/pdpc/pdf-files/commissions-decisions/decision---vimalakirti-buddhist-centre---04092020.pdf
pdpc_case_53,https://www.pdpc.gov.sg/all-commissions-decisions/2020/10/breach-of-the-retention-obligation-by-interauct,https://www.pdpc.gov.sg/-/media/files/pdpc/pdf-files/commissions-decisions/decision---interauct-pte-ltd---04082020.pdf
pdpc_case_54,https://www.pdpc.gov.sg/all-commissions-decisions/2020/11/breach-of-the-consent-and-accountability-obligations-by-majestic-debt-recovery,https://www.pdpc.gov.sg/-/media/files/pdpc/pdf-files/commissions-decisions/decision---majestic-debt-recovery---02032020.pdf
pdpc_case_55,https://www.pdpc.gov.sg/all-commissions-decisions/2020/11/breach-of-the-protection-and-retention-limitation-obligations-by-times-software-breach-of-the-protection-obligation-by-dentons-and-tmf,https://www.pdpc.gov.sg/-/media/files/pdpc/pdf-files/commissions-decisions/decision---times-and-others---18062020.pdf
pdpc_case_56,https://www.pdpc.gov.sg/all-commissions-decisions/2020/11/breach-of-the-protection-and-retention-limitation-obligations-by-worksmartly,https://www.pdpc.gov.sg/-/media/files/pdpc/pdf-files/commissions-decisions/decision----worksmartly-pte-ltd---17092020.pdf
pdpc_case_57,https://www.pdpc.gov.sg/all-commissions-decisions/2020/11/breach-of-the-protection-obligation-by-novelship,https://www.pdpc.gov.sg/-/media/files/pdpc/pdf-files/commissions-decisions/decision---novelship-pte-ltd---22072020.pdf
pdpc_case_58,https://www.pdpc.gov.sg/all-commissions-decisions/2020/11/breach-of-the-protection-obligation-by-secur-solutions-group,https://www.pdpc.gov.sg/-/media/files/pdpc/pdf-files/commissions-decisions/decision---secur-solutions-group-pte-ltd---30032020.pdf
pdpc_case_59,https://www.pdpc.gov.sg/all-commissions-decisions/2020/12/breach-of-protection-obligation-by-hello-travel,https://www.pdpc.gov.sg/-/media/files/pdpc/pdf-files/commissions-decisions/decision---hello-travel-pte-ltd---301020.pdf
pdpc_case_60,https://www.pdpc.gov.sg/all-commissions-decisions/2020/12/breach-of-the-accountability-and-protection-obligations-by-everlast-projects,https://www.pdpc.gov.sg/-/media/files/pdpc/pdf-files/commissions-decisions/decision---everlast-projects-and-others---301020.pdf
pdpc_case_61,https://www.pdpc.gov.sg/all-commissions-decisions/2020/12/breach-of-the-protection-obligation-by-rise-aerospace,https://www.pdpc.gov.sg/-/media/files/pdpc/pdf-files/commissions-decisions/decision---rise-aerospace-pte-ltd---131120.pdf
pdpc_case_62,https://www.pdpc.gov.sg/all-commissions-decisions/2020/12/breach-of-the-protection-obligation-by-water--plants-lab,https://www.pdpc.gov.sg/-/media/files/pdpc/pdf-files/commissions-decisions/decision--water--plants-lab-pte-ltd--181120.pdf
pdpc_case_63,https://www.pdpc.gov.sg/all-commissions-decisions/2021/01/breach-of-the-protection-obligation-by-bls-international-services-singapore,"https://www.pdpc.gov.sg/-/media/files/pdpc/pdf-files/commissions-decisions/decision---bls-international-services-singapore-pte,-d-,-ltd,-d-,-30112020-(003).pdf"
pdpc_case_64,https://www.pdpc.gov.sg/all-commissions-decisions/2021/01/breach-of-the-protection-obligation-by-the-future-of-cooking,https://www.pdpc.gov.sg/-/media/files/pdpc/pdf-files/commissions-decisions/decision---the-future-of-cooking-pte-ltd-20112020-(003).pdf
pdpc_case_65,https://www.pdpc.gov.sg/all-commissions-decisions/2021/01/no-breach-of-the-transfer-limitation-obligation-by-singapore-technologies-engineering,https://www.pdpc.gov.sg/-/media/files/pdpc/pdf-files/commissions-decisions/decision----st-engineering-ltd---16112020.pdf
pdpc_case_66,https://www.pdpc.gov.sg/all-commissions-decisions/2021/03/breach-of-the-protection-and-accountability-obligations-by-jigyasa,https://www.pdpc.gov.sg/-/media/files/pdpc/pdf-files/commissions-decisions/decision---jigyasa---30032020.pdf
pdpc_case_67,https://www.pdpc.gov.sg/all-commissions-decisions/2021/03/breach-of-the-protection-obligation-by-iapps,https://www.pdpc.gov.sg/-/media/files/pdpc/pdf-files/commissions-decisions/decision---iapps-pte-ltd---10022021.pdf
pdpc_case_68,https://www.pdpc.gov.sg/all-commissions-decisions/2021/04/breach-of-the-protection-and-accountability-obligations-by-chapel-of-christ-the-redeemer,https://www.pdpc.gov.sg/-/media/files/pdpc/pdf-files/commissions-decisions/decision---chapel-of-christ-the-redeemer---290121.pdf
pdpc_case_69,https://www.pdpc.gov.sg/all-commissions-decisions/2021/04/breach-of-the-protection-obligation-by-flying-cape,https://www.pdpc.gov.sg/-/media/files/pdpc/pdf-files/commissions-decisions/decision---flying-cape-pte-ltd---17032021.pdf
pdpc_case_70,https://www.pdpc.gov.sg/all-commissions-decisions/2021/04/breach-of-the-protection-obligation-by-st-josephs-institution-international,https://www.pdpc.gov.sg/-/media/files/pdpc/pdf-files/commissions-decisions/decision--st-josephs-institution-international-ltd--12032021.pdf
pdpc_case_71,https://www.pdpc.gov.sg/all-commissions-decisions/2021/04/breach-of-the-protection-obligation-by-tripartite-alliance,https://www.pdpc.gov.sg/-/media/files/pdpc/pdf-files/commissions-decisions/decision---tripartite-alliance-limited---16032021.pdf
pdpc_case_72,https://www.pdpc.gov.sg/all-commissions-decisions/2021/05/breach-of-the-consent-obligation-by-greatearth-corporation,https://www.pdpc.gov.sg/-/media/files/pdpc/pdf-files/commissions-decisions/decision---progressive-builders-and-greatearth-corporation---16042021-(002).pdf
pdpc_case_73,https://www.pdpc.gov.sg/all-commissions-decisions/2021/05/outcome-of-a-review-application-involving-an-individual-and-hsbc-bank,https://www.pdpc.gov.sg/-/media/files/pdpc/pdf-files/commissions-decisions/decision--hsbc-bank-singapore-limited--10032021.pdf
pdpc_case_74,https://www.pdpc.gov.sg/all-commissions-decisions/2021/06/breach-of-the-protection-and-accountability-obligation-by-webcada,https://www.pdpc.gov.sg/-/media/files/pdpc/pdf-files/commissions-decisions/decision---webcada-pte-ltd-06052021.pdf
pdpc_case_75,https://www.pdpc.gov.sg/all-commissions-decisions/2021/06/breach-of-the-protection-and-consent-obligation-by-larsen-toubro-infotech,https://www.pdpc.gov.sg/-/media/files/pdpc/pdf-files/commissions-decisions/decision--larsen--toubro-infotech-limited-singapore-branch-06052021.pdf
pdpc_case_76,https://www.pdpc.gov.sg/all-commissions-decisions/2021/06/breach-of-the-protection-obligation-by-hmi-institute-of-health-sciences,https://www.pdpc.gov.sg/-/media/files/pdpc/pdf-files/commissions-decisions/decision---hmi-institute-of-health-sciences---20052021.pdf
pdpc_case_77,https://www.pdpc.gov.sg/all-commissions-decisions/2021/06/breach-of-the-protection-obligation-by-st-logistics,https://www.pdpc.gov.sg/-/media/files/pdpc/pdf-files/commissions-decisions/decision---st-logistics-pte-ltd---26102020.pdf
pdpc_case_78,https://www.pdpc.gov.sg/all-commissions-decisions/2021/08/no-breach-of-the-protection-obligation-by-singapore-telecommunications-limited,https://www.pdpc.gov.sg/-/media/files/pdpc/pdf-files/commissions-decisions/decision---singapore-telecommunications-limited---21062021.pdf
pdpc_case_79,https://www.pdpc.gov.sg/all-commissions-decisions/2021/09/breach-of-the-protection-obligation-by-sap-asia,https://www.pdpc.gov.sg/-/media/files/pdpc/pdf-files/commissions-decisions/decision---sap-asia-pte-ltd---310721.pdf
pdpc_case_80,https://www.pdpc.gov.sg/all-commissions-decisions/2021/09/breach-of-the-protection-obligation-by-sendtech,https://www.pdpc.gov.sg/-/media/files/pdpc/pdf-files/commissions-decisions/decision---sendtech-pte-ltd---220721.pdf
pdpc_case_81,https://www.pdpc.gov.sg/all-commissions-decisions/2021/09/breach-of-the-protection-obligation-by-seriously-keto,https://www.pdpc.gov.sg/-/media/files/pdpc/pdf-files/commissions-decisions/decision---seriously-keto-pte-ltd---14072021.pdf
pdpc_case_82,https://www.pdpc.gov.sg/all-commissions-decisions/2021/09/breach-of-the-protection-obligation-by-specialized-asia-pacific,https://www.pdpc.gov.sg/-/media/files/pdpc/pdf-files/commissions-decisions/decision---specialized-asia-pacific-pte-ltd---300721.pdf
pdpc_case_83,https://www.pdpc.gov.sg/all-commissions-decisions/2021/09/breach-of-the-transfer-limitation-obligation-by-nuinternational-singapore-and-newcastle-research-and-innovation-institute,https://www.pdpc.gov.sg/-/media/files/pdpc/pdf-files/commissions-decisions/decision---nui-and-newriis--23062021.pdf
pdpc_case_84,https://www.pdpc.gov.sg/all-commissions-decisions/2021/09/no-breach-of-the-protection-obligation-by-carousell,https://www.pdpc.gov.sg/-/media/files/pdpc/pdf-files/commissions-decisions/decision---carousell-pte-ltd---030821.pdf
pdpc_case_85,https://www.pdpc.gov.sg/all-commissions-decisions/2021/10/breach-of-the-protection-accountability-and-retention-limitation-obligations-by-stylez,https://www.pdpc.gov.sg/-/media/files/pdpc/pdf-files/commissions-decisions/decision---stylez-pte-ltd---04082021.pdf
pdpc_case_86,https://www.pdpc.gov.sg/all-commissions-decisions/2021/10/breach-of-the-protection-and-transfer-limitation-obligations-by-j-r-bossini-fashion,https://www.pdpc.gov.sg/-/media/files/pdpc/pdf-files/commissions-decisions/decision---j--r-bossini-fashion-pte-ltd---18082021.pdf
pdpc_case_87,https://www.pdpc.gov.sg/all-commissions-decisions/2021/10/breach-of-the-protection-obligation-by-championtutor,https://www.pdpc.gov.sg/-/media/files/pdpc/pdf-files/commissions-decisions/decision--championtutor-inc-private-limited--10082021.pdf
pdpc_case_88,https://www.pdpc.gov.sg/all-commissions-decisions/2021/10/breach-of-the-protection-obligation-by-the-national-kidney-foundation,https://www.pdpc.gov.sg/-/media/files/pdpc/pdf-files/commissions-decisions/decision---the-national-kidney-foundation---15092021.pdf
pdpc_case_89,https://www.pdpc.gov.sg/all-commissions-decisions/2021/11/breach-of-the-protection-obligation-by-commeasure,https://www.pdpc.gov.sg/-/media/files/pdpc/pdf-files/commissions-decisions/decision---commeasure-pte-ltd---15092021.pdf
pdpc_case_90,https://www.pdpc.gov.sg/all-commissions-decisions/2021/11/no-breach-of-the-protection-obligation-by-giordano,https://www.pdpc.gov.sg/-/media/files/pdpc/pdf-files/commissions-decisions/decision--giordano-originals-s-pte-ltd--151021.pdf
pdpc_case_91,https://www.pdpc.gov.sg/all-commissions-decisions/2021/12/breach-of-the-protection-and-accountability-obligations-by-nature-society,https://www.pdpc.gov.sg/-/media/files/pdpc/pdf-files/commissions-decisions/summary-decision---nss---03122021.pdf
pdpc_case_92,https://www.pdpc.gov.sg/all-commissions-decisions/2021/12/breach-of-the-transfer-limitation-obligation-by-belden-singapore,https://www.pdpc.gov.sg/-/media/files/pdpc/pdf-files/commissions-decisions/decision---belden-singapore-private-limited---12112021.pdf
pdpc_case_93,https://www.pdpc.gov.sg/all-commissions-decisions/2022/02/breach-of-the-protection-by-tanah-merah-country-club,https://www.pdpc.gov.sg/-/media/files/pdpc/pdf-files/commissions-decisions/decision---tanah-merah-country-club---20122021.pdf
pdpc_case_94,https://www.pdpc.gov.sg/all-commissions-decisions/2022/02/breach-of-the-protection-obligation-by-north-london-collegiate-school,https://www.pdpc.gov.sg/-/media/files/pdpc/pdf-files/commissions-decisions/decision---nlcs---01122021.pdf
pdpc_case_95,https://www.pdpc.gov.sg/all-commissions-decisions/2022/03/breach-of-accountability-obligation-by-acl-construction,https://www.pdpc.gov.sg/-/media/files/pdpc/pdf-files/commissions-decisions/decision--acl-construction-s-pte-ltd--030222.pdf
pdpc_case_96,https://www.pdpc.gov.sg/all-commissions-decisions/2022/03/breach-of-the-consent-and-purpose-limitation-obligations-by-neo-yong-xiang-trading-as-yoshi-mobile,https://www.pdpc.gov.sg/-/media/files/pdpc/pdf-files/commissions-decisions/decision---neo-yong-xiang---29102021.pdf
pdpc_case_97,https://www.pdpc.gov.sg/all-commissions-decisions/2022/03/breach-of-the-protection-obligation-by-geniusu,https://www.pdpc.gov.sg/-/media/files/pdpc/pdf-files/commissions-decisions/decision---geniusu-pte-ltd--180122.pdf
pdpc_case_98,https://www.pdpc.gov.sg/all-commissions-decisions/2022/03/breach-of-the-protection-obligation-by-trinity-christian-centre,https://www.pdpc.gov.sg/-/media/files/pdpc/pdf-files/commissions-decisions/decision_trinity-christian-centre-limited_030222-(26-dec-23).pdf
pdpc_case_99,https://www.pdpc.gov.sg/all-commissions-decisions/2022/05/breach-of-protection-obligation-by-southaven-boutique,https://www.pdpc.gov.sg/-/media/files/pdpc/pdf-files/commissions-decisions/decision---southaven-boutique-pte-ltd---280222.pdf
pdpc_case_100,https://www.pdpc.gov.sg/all-commissions-decisions/2022/05/breach-of-the-accountability-and-protection-obligations-by-pinc-interactive,https://www.pdpc.gov.sg/-/media/files/pdpc/pdf-files/commissions-decisions/decision---pinc-interactive-pte-ltd---04022022.pdf
pdpc_case_101,https://www.pdpc.gov.sg/all-commissions-decisions/2022/05/breach-of-the-protection-obligation-by-lovebonito,https://www.pdpc.gov.sg/-/media/files/pdpc/pdf-files/commissions-decisions/decision--lovebonito-singapore-pte-ltd--21022022.pdf
pdpc_case_102,https://www.pdpc.gov.sg/all-commissions-decisions/2022/05/breach-of-the-transfer-limitation-obligation-by-toll-logistics-and-others,https://www.pdpc.gov.sg/-/media/files/pdpc/pdf-files/commissions-decisions/decision--toll-logistics-asia-limited-and-others--180322.pdf
pdpc_case_103,https://www.pdpc.gov.sg/all-commissions-decisions/2022/05/no-breach-of-the-protection-obligation-by-royal-caribbean-cruises,https://www.pdpc.gov.sg/-/media/files/pdpc/pdf-files/commissions-decisions/decision--royal-caribbean-cruises-asia-pte-ltd--130819.pdf
pdpc_case_104,https://www.pdpc.gov.sg/all-commissions-decisions/2022/05/no-breach-of-the-protection-obligation-by-singapore-telecommunications,https://www.pdpc.gov.sg/-/media/files/pdpc/pdf-files/commissions-decisions/decision---singapore-telecommunication-limited---101221.pdf
pdpc_case_105,https://www.pdpc.gov.sg/all-commissions-decisions/2022/06/breach-of-the-consent-and-notification-obligations-by-three-insurance-financial-advisers,https://www.pdpc.gov.sg/-/media/files/pdpc/pdf-files/commissions-decisions/decision---dennis-ngian--others---08032022.pdf
pdpc_case_106,https://www.pdpc.gov.sg/all-commissions-decisions/2022/06/breach-of-the-protection-obligation-by-vhive,https://www.pdpc.gov.sg/-/media/files/pdpc/pdf-files/commissions-decisions/decision---vhive-pte-ltd---08032022.pdf
pdpc_case_107,https://www.pdpc.gov.sg/all-commissions-decisions/2022/06/no-breach-of-the-consent-obligation-by-slp-scotia-and-slp-international-property-consultants,https://www.pdpc.gov.sg/-/media/files/pdpc/pdf-files/commissions-decisions/decision---slp-scotia-pte-ltd-and-slp-international-property-consultants-pte-ltd---09042022.pdf
pdpc_case_108,https://www.pdpc.gov.sg/all-commissions-decisions/2022/06/no-breach-of-the-protection-obligation-by-aman-group,https://www.pdpc.gov.sg/-/media/files/pdpc/pdf-files/commissions-decisions/decision--aman-group-sarl-and-or-amanresort-international-pte-ltd--28022022.pdf
pdpc_case_109,https://www.pdpc.gov.sg/all-commissions-decisions/2022/07/breach-of-the-protection-obligation-by-audio-house,https://www.pdpc.gov.sg/-/media/files/pdpc/pdf-files/commissions-decisions/decision---audio-house-marketing-pte-ltd---27052022.pdf
pdpc_case_110,https://www.pdpc.gov.sg/all-commissions-decisions/2022/07/breach-of-the-protection-obligation-by-budgetcars,https://www.pdpc.gov.sg/-/media/files/pdpc/pdf-files/commissions-decisions/decision---budgetcars-pte-ltd---06072022.pdf
pdpc_case_111,https://www.pdpc.gov.sg/all-commissions-decisions/2022/07/breach-of-the-protection-obligation-by-crawfort,https://www.pdpc.gov.sg/-/media/files/pdpc/pdf-files/commissions-decisions/decision---crawfort-pte-ltd---070622.pdf
pdpc_case_112,https://www.pdpc.gov.sg/all-commissions-decisions/2022/07/breach-of-the-protection-obligation-by-quoine,https://www.pdpc.gov.sg/-/media/files/pdpc/pdf-files/commissions-decisions/decision---quoine-pte-ltd---08022022.pdf
pdpc_case_113,https://www.pdpc.gov.sg/all-commissions-decisions/2022/07/breach-of-the-protection-obligation-by-terra-systems,https://www.pdpc.gov.sg/-/media/files/pdpc/pdf-files/commissions-decisions/decision---terra-systems-pte-ltd----06082021.pdf
pdpc_case_114,https://www.pdpc.gov.sg/all-commissions-decisions/2022/09/breach-of-the-protection-obligation-by-myrepublic,https://www.pdpc.gov.sg/-/media/files/pdpc/pdf-files/commissions-decisions/decision---myrepublic-ltd---05082022.pdf
pdpc_case_115,https://www.pdpc.gov.sg/all-commissions-decisions/2022/10/breach-of-the-protection-obligation-by-cognita-asia-holdings,https://www.pdpc.gov.sg/-/media/files/pdpc/pdf-files/commissions-decisions/decision---cognita-asia-holdings-pte-ltd---09062022.pdf
pdpc_case_116,https://www.pdpc.gov.sg/all-commissions-decisions/2022/10/no-breach-of-the-protection-obligation-by-qcp-capital,https://www.pdpc.gov.sg/-/media/files/pdpc/pdf-files/commissions-decisions/decision---qcp-capital-pte-ltd---16092022-(002).pdf
pdpc_case_117,https://www.pdpc.gov.sg/all-commissions-decisions/2022/11/breach-of-the-protection-obligation-by-farrer-park-hospital,https://www.pdpc.gov.sg/-/media/files/pdpc/pdf-files/commissions-decisions/gd_farrer-park-hospital-pte-ltd_15092022.pdf
pdpc_case_118,https://www.pdpc.gov.sg/all-commissions-decisions/2022/11/breach-of-the-protection-obligation-by-redmart,https://www.pdpc.gov.sg/-/media/files/pdpc/pdf-files/commissions-decisions/decision---redmart-limited---28102022.pdf
pdpc_case_119,https://www.pdpc.gov.sg/all-commissions-decisions/2022/11/breach-of-the-protection-obligation-by-thomson-medical,https://www.pdpc.gov.sg/-/media/files/pdpc/pdf-files/commissions-decisions/decision---thomson-medical-pte-ltd---140922.pdf
pdpc_case_120,https://www.pdpc.gov.sg/all-commissions-decisions/2022/11/breach-of-the-transfer-limitation-obligation-by-shopify-commerce-singapore-and-supernova,https://www.pdpc.gov.sg/-/media/files/pdpc/pdf-files/commissions-decisions/gd_supernova-pte-ltd_06102022.pdf
pdpc_case_121,"https://www.pdpc.gov.sg/all-commissions-decisions/2023/02/breach-of-the-consent,-notification-and-purpose-limitation-obligations-by-redmart",https://www.pdpc.gov.sg/-/media/files/pdpc/pdf-files/commissions-decisions/decision---redmart-limited---18012023.pdf
pdpc_case_122,https://www.pdpc.gov.sg/all-commissions-decisions/2023/02/breach-of-the-protection-obligation-by-cpr-vision-management-pte-ltd,https://www.pdpc.gov.sg/-/media/files/pdpc/pdf-files/commissions-decisions/decision---cpr-vision-management-pte-ltd---071222.pdf
pdpc_case_123,https://www.pdpc.gov.sg/all-commissions-decisions/2023/03/breach-of-the-protection-obligation-by-eatigo-international,https://www.pdpc.gov.sg/-/media/files/pdpc/pdf-files/commissions-decisions/gd_eatigo-international-pte-ltd_211222.pdf
pdpc_case_124,https://www.pdpc.gov.sg/all-commissions-decisions/2023/03/no-breach-of-the-pdpa-by-sembcorp-marine,https://www.pdpc.gov.sg/-/media/files/pdpc/pdf-files/commissions-decisions/gd_sembcorp-marine-ltd_070223.pdf
pdpc_case_125,https://www.pdpc.gov.sg/all-commissions-decisions/2023/04/breach-of-section-48b-of-the-pdpa-prohibition-on-use-of-dictionary-attacks-by-an-individual,https://www.pdpc.gov.sg/-/media/files/pdpc/pdf-files/commissions-decisions/gd_taishinfatt_140223.pdf
pdpc_case_126,https://www.pdpc.gov.sg/all-commissions-decisions/2023/04/breach-of-the-protection-obligation-by-orangetee-and-tie,https://www.pdpc.gov.sg/-/media/files/pdpc/pdf-files/commissions-decisions/gd_orangetee_210223.pdf
pdpc_case_127,https://www.pdpc.gov.sg/all-commissions-decisions/2023/05/breach-of-the-protection-obligation-by-fortytwo,https://www.pdpc.gov.sg/-/media/files/pdpc/pdf-files/commissions-decisions/gd_fortytwo070323.pdf
pdpc_case_128,https://www.pdpc.gov.sg/all-commissions-decisions/2023/05/breach-of-the-protection-obligation-by-kingsforce-management-services,https://www.pdpc.gov.sg/-/media/files/pdpc/pdf-files/commissions-decisions/gd_kingsforcemanagementservicespteltd_100323.pdf
pdpc_case_129,https://www.pdpc.gov.sg/all-commissions-decisions/2023/05/breach-of-the-protection-obligation-by-the-law-society-of-singapore,https://www.pdpc.gov.sg/-/media/files/pdpc/pdf-files/commissions-decisions/gd_lawsocietyofsingapore_140323.pdf
pdpc_case_130,https://www.pdpc.gov.sg/all-commissions-decisions/2023/06/breach-of-the-protection-obligation-by-fullerton-healthcare-and-agape-cp-holdings,https://www.pdpc.gov.sg/-/media/files/pdpc/pdf-files/commissions-decisions/gd_fullerton-healthcare-group-and-agape-cp-holdings_230323.pdf
pdpc_case_131,https://www.pdpc.gov.sg/all-commissions-decisions/2023/08/breach-of-duty-to-check-the-do-not-call-register-by-a-registered-salesperson,https://www.pdpc.gov.sg/-/media/files/pdpc/pdf-files/commissions-decisions/gd_leon-wee_11072023-(004).pdf
pdpc_case_132,https://www.pdpc.gov.sg/all-commissions-decisions/2023/08/breach-of-the-protection-obligation-by-ecommerce-enablers,https://www.pdpc.gov.sg/-/media/files/pdpc/pdf-files/commissions-decisions/decision---ecommerce-enablers.pdf
pdpc_case_133,https://www.pdpc.gov.sg/all-commissions-decisions/2023/09/breach-of-the-protection-obligation-by-autobahn-rent-a-car,https://www.pdpc.gov.sg/-/media/files/pdpc/pdf-files/commissions-decisions/gd_autobahn-rent-a-car-pte-ltd_090623.pdf
pdpc_case_134,https://www.pdpc.gov.sg/all-commissions-decisions/2023/09/breach-of-the-protection-obligation-by-century-evergreen,https://www.pdpc.gov.sg/-/media/files/pdpc/pdf-files/commissions-decisions/gd_century_evergreen_260723.pdf
pdpc_case_135,https://www.pdpc.gov.sg/all-commissions-decisions/2023/10/breach-of-the-protection-obligation-by-ascentis,https://www.pdpc.gov.sg/-/media/files/pdpc/pdf-files/commissions-decisions/gd_ascentis_12092023.pdf
pdpc_case_136,https://www.pdpc.gov.sg/all-commissions-decisions/2023/10/breach-of-the-protection-obligation-by-tokyo-century-leasing,https://www.pdpc.gov.sg/-/media/files/pdpc/pdf-files/commissions-decisions/gd_tokyo_century_leasing_040923.pdf
pdpc_case_137,https://www.pdpc.gov.sg/all-commissions-decisions/2023/12/breach-of-the-purpose-limitation-obligation-by-tipros,https://www.pdpc.gov.sg/-/media/files/pdpc/pdf-files/commissions-decisions/gd_tipros_080623.pdf
pdpc_case_138,https://www.pdpc.gov.sg/all-commissions-decisions/2024/01/breach-of-the-consent-and-purpose-limitation-obligations-by-koh-wei-ming-@-muhammad-amin-koh,https://www.pdpc.gov.sg/-/media/files/pdpc/pdf-files/commissions-decisions/gd_koh-wei-ming_171023.pdf
pdpc_case_139,https://www.pdpc.gov.sg/all-commissions-decisions/2024/02/breach-of-do-not-call-dnc-provisions-by-a-financial-advisor,https://www.pdpc.gov.sg/-/media/files/pdpc/pdf-files/commissions-decisions/gd_kenny-lin_20102023.pdf
pdpc_case_140,https://www.pdpc.gov.sg/all-commissions-decisions/2024/02/breach-of-the-protection-obligation-by-carousell,https://www.pdpc.gov.sg/-/media/files/pdpc/pdf-files/commissions-decisions/gd_carousell_28122023.pdf
pdpc_case_141,https://www.pdpc.gov.sg/all-commissions-decisions/2024/03/breach-of-the-consent-and-notification-obligations-by-a-registered-salesperson,https://www.pdpc.gov.sg/-/media/files/pdpc/pdf-files/commissions-decisions/gd_leecheemeng_29122023.pdf
pdpc_case_142,https://www.pdpc.gov.sg/all-commissions-decisions/2024/03/breach-of-the-protection-obligation-by-whiz-communications,https://www.pdpc.gov.sg/-/media/files/pdpc/pdf-files/commissions-decisions/gd_whiz-communications-pte-ltd_20122023.pdf
pdpc_case_143,https://www.pdpc.gov.sg/all-commissions-decisions/2024/04/breach-of-the-protection-obligation-by-payroll2u,https://www.pdpc.gov.sg/-/media/files/pdpc/pdf-files/commissions-decisions/gd_payroll2u-pte-ltd_070324.pdf
pdpc_case_144,https://www.pdpc.gov.sg/all-commissions-decisions/2024/05/breach-of-the-accountability-and-protection-obligations-by-pplingo,https://www.pdpc.gov.sg/-/media/files/pdpc/pdf-files/commissions-decisions/gd_pplingo-pte-ltd-(revised)_241023.pdf
pdpc_case_145,https://www.pdpc.gov.sg/all-commissions-decisions/2024/05/breach-of-the-protection-obligation-by-cortina-watch,https://www.pdpc.gov.sg/-/media/files/pdpc/pdf-files/commissions-decisions/gd_cortina-watch-pte-ltd_280324.pdf
pdpc_case_146,https://www.pdpc.gov.sg/all-commissions-decisions/2024/05/breach-of-the-protection-obligation-by-horizon-fast-ferry,https://www.pdpc.gov.sg/-/media/files/pdpc/pdf-files/commissions-decisions/gd_horizon-fast-ferry-pte-ltd_21022024.pdf
pdpc_case_147,https://www.pdpc.gov.sg/all-commissions-decisions/2024/06/breach-of-the-protection-obligation-by-ch-offshore,https://www.pdpc.gov.sg/-/media/files/pdpc/pdf-files/commissions-decisions/gd_ch-offshore-ltd_17042024.pdf
pdpc_case_148,https://www.pdpc.gov.sg/all-commissions-decisions/2024/06/protection-obligation-by-tok-leng-leng-ta-top-mobile-gallery,https://www.pdpc.gov.sg/-/media/files/pdpc/pdf-files/commissions-decisions/gd_tok-leng-leng-(trading-as-top-mobile-gallery-(br))_01032024.pdf
pdpc_case_149,https://www.pdpc.gov.sg/all-commissions-decisions/2024/07/breach-of-the-protection-obligation-by-academy-of-medicine-singapore,https://www.pdpc.gov.sg/-/media/files/pdpc/pdf-files/commissions-decisions/gd_academy-of-medicine-singapore_10062024.pdf
pdpc_case_150,https://www.pdpc.gov.sg/all-commissions-decisions/2024/07/breach-of-the-protection-obligation-by-keppel-telecommunications-transportation,https://www.pdpc.gov.sg/-/media/files/pdpc/pdf-files/commissions-decisions/gd_keppel-telecommunications--transportation-ltd_14052024.pdf
pdpc_case_151,https://www.pdpc.gov.sg/all-commissions-decisions/2024/08/breach-of-the-protection-and-accountability-obligations-by-consumers-association-of-singapore,https://www.pdpc.gov.sg/-/media/files/pdpc/pdf-files/commissions-decisions/gd_consumers-association-of-singapore_09072024.pdf
pdpc_case_152,https://www.pdpc.gov.sg/all-commissions-decisions/2024/11/breach-of-the-protection-obligation-by-hmi-institute-of-health-science,https://www.pdpc.gov.sg/-/media/files/pdpc/pdf-files/commissions-decisions/gd_hmi-institute-of-health-science_081024.pdf
pdpc_case_153,https://www.pdpc.gov.sg/all-commissions-decisions/2025/06/breach-of-the-protection-obligation-by-ezynetic,https://www.pdpc.gov.sg/-/media/files/pdpc/pdf-files/commissions-decisions/gd_ezynetic-pte-ltd_03032025.pdf
pdpc_case_154,https://www.pdpc.gov.sg/all-commissions-decisions/2025/07/no-breach-of-the-consent-obligation-by-institute-of-mental-health,https://www.pdpc.gov.sg/-/media/files/pdpc/pdf-files/commissions-decisions/gd_institute-of-mental-health_21052025.pdf
pdpc_case_155,https://www.pdpc.gov.sg/all-commissions-decisions/2025/08/breach-of-the-accountability-obligation-by-mcst-4599,https://www.pdpc.gov.sg/-/media/files/pdpc/pdf-files/commissions-decisions/gd_mcst-4599_19052025.pdf
pdpc_case_156,https://www.pdpc.gov.sg/all-commissions-decisions/2025/10/breach-of-the-protection-obligation-by-marina-bay-sands-pte-ltd,https://www.pdpc.gov.sg/-/media/files/pdpc/pdf-files/commissions-decisions/gd_mbs_28102025-(final)-v3.pdf
pdpc_case_157,https://www.pdpc.gov.sg/all-commissions-decisions/2026/01/breach-of-the-accountability-and-protection-obligations-by-air-sino-euro-associates-travel-pte-ltd,https://www.pdpc.gov.sg/-/media/files/pdpc/pdf-files/commissions-decisions/gd_for-air-sino-euro-associates-travel-pte-ltd_31102025.pdf
pdpc_case_158,https://www.pdpc.gov.sg/all-commissions-decisions/2026/01/breach-of-the-protection-obligation-by-goldheart-jewelry-pte-ltd,"https://www.pdpc.gov.sg/-/media/files/pdpc/pdf-files/commissions-decisions/gd_goldheart-jewelry-pte,-d-,-ltd_20062025.pdf"
pdpc_case_159,https://www.pdpc.gov.sg/all-commissions-decisions/2026/01/breach-of-the-protection-obligation-by-people-central-pte-ltd,https://www.pdpc.gov.sg/-/media/files/pdpc/pdf-files/commissions-decisions/gd_people_central-pte-ltd_20032025.pdf
pdpc_case_160,https://www.pdpc.gov.sg/all-commissions-decisions/2026/01/breach-of-the-protection-obligation-by-singapore-data-hub-pte-ltd,https://www.pdpc.gov.sg/-/media/files/pdpc/pdf-files/commissions-decisions/gd_singapore-data-hub-pte-ltd_07042025.pdf
